id,feature_0,feature_1,feature_2,feature_3,feature_4,feature_5,feature_6,feature_7,feature_8,feature_9,feature_10,feature_11,feature_12,feature_13,feature_14,feature_15,feature_16,feature_17,feature_18,feature_19
1,0.3407206175736475,-0.33564958545884327,0.23891329138827883,0.31269420386260827,-0.02992710501346093,0.9499558060896108,-0.677102070476866,-0.46443643607033547,-1.183150092004538,0.8516694693800548,0.8295551996054916,-0.21590538817571006,0.08307250611061028,-0.7041138074008054,1.4913983258485204,0.13135990215233503,-0.12320433657910301,0.5265181352376991,0.4651647036762925,0.3270996529888515
2,1.3518627488776476,-1.6617839667304157,1.0197303065168652,1.994981866403746,0.2951384119299332,3.014308558775242,-0.937216841269947,-1.9129138087495998,-2.6349628925880078,2.136619774136631,1.1117178071212912,-0.23636785605006366,0.3530844495466776,-1.540770753709367,3.8059522784522968,0.3955741941505963,0.08292366601429957,0.971082004573034,0.9969475492040638,0.5112001002227076
3,0.8107197558785851,-1.2910142319359386,2.1938313182996443,2.7606452143836404,1.2539128434014657,2.814673541995912,-1.552471179171092,-1.8429171809035205,-2.9698280439267206,2.9706801179501943,0.10156319097982276,0.501068000157465,0.3401289552099894,-1.830138016443433,3.15093966857554,-0.4531590618331666,0.5619103537922541,1.1971954043406192,0.11067910140331362,-0.23491239489706633
4,0.6925608478027903,-0.9579015614590639,-0.16212330305932077,0.5757581523979165,-0.17869674818066572,1.16742301399525,0.10838059159956895,-0.6005092620021183,-1.0130222336056915,0.36477396517329186,0.672985243571644,-0.6582226780028217,0.26170515187159005,-0.5591407948978353,1.4716010636719759,0.5719879575167437,-0.14522432686413964,0.4739021177474947,0.7677474632046651,0.596451570223098
5,1.0223549609441758,-1.4681025678487125,-1.9230194571875163,-0.6953174193565522,-1.5923486302140442,1.0624838592027932,1.8978652682258943,-0.21356755831200977,-0.4758367786349308,-1.2749565941661543,1.3710444925834224,-2.293139321250287,0.24430473346429782,0.7048174183482857,0.7709365570026354,2.173798217452452,-0.8739777834814481,0.11824782098819638,1.4430483446109506,1.6607136227091275
6,-0.02394265377382873,0.34910946100516277,-1.3929790759058007,-1.6839459604512956,-1.1011641756622284,-0.8320919659360901,0.8634768163708673,0.9499620223760818,0.8890774409577163,-1.2811447380348913,0.8475479578228143,-0.8836937974137162,-0.01506041384351961,0.9199743968965688,-0.5362460657633334,0.7796941180336318,-0.6335892686552715,-0.4789128654761419,0.5184482121378744,0.7141246902090514
7,-0.09818827540175694,0.7935398453545092,-2.422491372906095,-2.7505941893258936,-1.7415024266969379,-1.2428460277333357,0.8340472502958146,1.2667686030879817,1.4931901565667909,-2.247659984833226,1.4249305331740465,-0.8946430286654046,-0.17198656102519316,0.9316720559849454,-0.7169397555709458,1.4076341477278924,-0.7967456502506216,-0.6600636206778153,0.7172183437697106,0.8547939237598066
8,-0.013427573021371597,-0.299886028638667,-0.0365000271707566,0.1305338899447311,-0.0022180091410294936,-0.39765363151034755,0.9252977683667293,0.24351347571633003,0.5952310025351727,-0.5812825580372831,-0.7618602487710102,-0.29046502873361935,0.15170524873431773,0.5717724799225933,-1.2232936772004828,-0.261655089045227,0.03138946690302194,-0.06505277056030152,-0.20908151284422832,0.04466317113254987
9,-0.4391320483365536,0.29011689910335703,-0.05849561342579493,-0.33870562463213655,-0.10701510156822036,-0.8475993747058104,1.1341528103301133,0.6294095577387774,0.9831554167215317,-0.9300426159566668,-1.0289372638209322,-0.2191426732522832,-0.20144231626173997,0.7622274280577257,-1.9946368791191336,-0.1706929058847239,0.14707583560717805,-0.48449708082193865,-0.2948712159069934,-0.19623799291092922
10,0.5839157366302479,-0.5462516469244405,-0.4486687830669555,0.1503761123120526,-0.38784947908534023,0.9544974946562264,0.2521757568661597,-0.17358530238726455,-0.7386455623028789,0.0740171225423501,0.6855998831711543,-0.6933774182258592,0.11407496978123773,-0.08554824135353528,1.275533430400998,0.5844013492422261,-0.3396056279163925,0.29479550078771716,0.5788161483324739,0.6225524222080014
11,-1.3127934751625467,0.9227674614683276,1.7238233910527512,0.8632044758247308,1.4612328852535155,-1.735462590971266,-0.5983533382426119,0.6427137891284136,1.1986763810097152,0.5150095763145124,-2.297371207186535,1.6504664526017725,-0.481269796368466,0.1326867075846683,-2.60670379125944,-1.737610257256936,0.7972222463637464,-0.3327714943334762,-1.7252233038692115,-1.4547911714803075
12,-0.8561142116409266,0.7474569372598194,0.023478265165063197,-0.29843533723103033,0.4771778375376946,-1.9861448543044748,1.046936851739964,1.231733547310745,2.024326066691584,-1.1014908844856528,-1.8968156517091197,0.5893222643414568,-0.20178535261071012,1.3668733393403116,-3.5765174768627235,-0.9029833189163193,0.270435890006261,-0.7109049369191497,-1.0731143940900936,-0.9224061207967436
13,1.213613109759443,-1.2296483393697653,-1.9594276836278668,-0.7716683981697425,-1.7025322315377807,1.0701719562020007,1.5823708353493826,-0.023014440846845854,-0.311138150794163,-0.9426963077954017,1.604747224217256,-2.0874006109221943,0.34062647856243755,0.7185337419016752,1.0077533036867905,1.9849450411110916,-0.8879475773384224,0.09044824143754633,1.5199419744830736,1.6272740251014086
14,-0.10536706036766909,-0.01808849016061896,1.0094788348545032,0.7414709020144645,0.8983805032724728,-0.018706996550237553,-0.7391275007758812,-0.2648976212247559,-0.1768330430041262,0.7966139646888882,-0.6132273753730699,0.8934978184914939,-0.1689123502916172,-0.6685128913582867,0.16523049765725448,-0.7559709567139652,0.2846201000478677,0.2453698254099751,-0.4456945761779375,-0.5911049714736711
15,0.02652700709840744,-0.3848209556724741,-0.29879672756586345,0.034724637070682844,-0.07831066061286762,-0.1510537720657459,0.9132003172695865,0.11353154633769512,0.25936831003324506,-0.552231360046669,-0.3407799063201754,-0.5678283748513394,-0.04947420746958414,0.6788631940142993,-0.86916692444833,0.37824429977171525,-0.13121356130000267,-0.04437023371499715,0.17582149805622266,0.2955388644618484
16,-0.3331607803160289,1.0192966081426453,-1.1813726962392814,-1.5946004324588876,-0.7988684988222539,-1.1233578473712407,0.1926908898017461,1.0993376602544371,1.212159036461598,-1.3752175206411237,0.4004525264009872,-0.21265158348038277,-0.1306483430005363,0.628950530819542,-0.9813788629020709,0.18792171808409078,-0.3485434200863153,-0.790191325658202,-0.10623842927630199,0.24229662369451005
17,1.1531135859411035,-0.6648770783987319,-1.80556185095879,-1.0595958205809806,-1.5595359357987602,1.0521640900143914,0.7564759850775734,-0.21040867567636332,-0.7072128175877336,-0.5955795150556409,2.155863556711806,-1.768248242789641,0.2212006614602574,-0.0750934271802161,1.9776684358999586,1.7706783395906687,-0.6525081196053678,0.23434974910049128,1.4855566086617742,1.494797472259769
18,0.12840806291183118,0.46026469072727944,-1.1250542407364712,-1.317059833826955,-0.7665250119646836,-0.5091040980714796,0.45949867338440525,0.587258235299014,0.7390246344660183,-0.9888624779695783,0.7933472334218503,-0.44224850150877465,0.13099597658643308,0.402499087492148,-0.0423373035344998,0.6494001264263652,-0.43989712078998716,-0.3605981257411981,0.3308916351320896,0.46454284358121917
19,0.4474058448193889,-1.0248149667391633,1.9893137497048896,2.615959566706309,1.5304737007937792,1.7387318356582435,-0.8942806181241849,-1.332407946194224,-1.7026097673351135,1.9346872826267154,-0.6071174425895001,0.44141108289710573,0.28541128372614577,-1.148463402067052,1.4757971389195401,-0.6439948473599608,0.44783291322006896,0.6468445329624098,-0.2356707345909092,-0.36388455801064473
20,-0.2883052732589995,0.6586058032111964,0.1623940907725329,-0.44889453002047564,0.12361007286576961,-0.646781563840907,-0.4183813731758581,0.1916288396683075,0.6636747133807214,0.02872924702635825,-0.24053719215130312,0.5805812788865891,-0.12103469904497942,0.07334327441132206,-0.5103654734384274,-0.42448117429693905,0.12994788648952843,-0.09727760556098744,-0.31211599168216764,-0.39186250633447206
21,-0.12320629397549038,-0.26479517247129164,-0.45402603100563704,-0.6408357770431115,-0.3574502587494439,-0.8939874002424044,0.9482811159029484,0.7385148920432211,0.8504374908584853,-0.958150881227403,-0.5388274304759004,-0.3453176817345763,-0.04937402068328322,0.7033963780826626,-1.5289704915014413,0.05994519310053564,-0.30285685469917856,-0.3934093826882107,0.019454819667780565,0.1539507117385533
22,-1.4168294852527816,1.7507413878445528,-0.2252894023912765,-1.1657595988568936,0.25368582373198123,-2.525232705462853,-0.18533269477763376,1.4366926700132174,2.066338956885135,-1.086933194167499,-1.113493734315327,1.1140265241894205,-0.41210419068953136,0.8432579608179339,-2.647758560452204,-0.9533522766845691,0.28209144716030893,-1.0387871483121427,-1.0588994900075903,-0.9036911457189348
23,-0.45495647270780687,0.18137576533739547,1.2606456236663313,0.5898072283041913,1.0225619904397976,-0.5666772704264819,-0.6739208241254409,-0.09537960321468228,0.08255918582954797,0.7928617743315883,-0.9515257246781378,1.02819968481289,-0.047741443808077724,-0.20645065262711046,-0.5843611068446835,-0.9649478958689027,0.7291187497655607,-0.015623127402450898,-0.7769116314165329,-0.7012901531924232
24,-0.6524899431856782,1.3292452808607733,-0.16888590423475877,-1.1594896840369704,0.16649815358667933,-1.5201350172626078,-0.5147151096646988,0.6835469496586121,1.0821198284919626,-0.4808317248820815,-0.18824564113532682,0.7562541449845749,-0.13621630838844748,0.33848942062571025,-1.0300963293509953,-0.32757315436732115,0.23115319687987407,-0.5824901463646658,-0.469347949758135,-0.399542517236308
25,-0.6230286948003347,-0.26126599725253363,1.856671153050292,2.0146225526071326,1.5922995290993647,-0.402709227029116,0.4020980669783353,-0.18905332194373922,0.3964867067912733,0.524141770595959,-2.680203727368108,0.6323104452696903,-0.08137800924789078,0.08702594695227775,-2.2218790530498422,-1.4882318104510324,0.6927487235430442,0.28071244818148217,-1.2338399061093432,-1.1806685903815923
26,0.3510255966511299,-0.6040217100065095,0.6895928101753637,1.1098213571786164,0.5399653570573253,1.7761277940538667,-0.38795953181884724,-0.9699166224629712,-1.3857385544435281,1.3304576563076123,0.4147528876296625,-0.005050560132670641,0.24835448990268122,-0.8874249507476141,1.728022087757588,-0.011831896997768904,-0.03722406630564218,0.591947427225875,0.21726543290134365,0.01464518723197511
27,1.0448772434247662,-0.5809913099834193,-2.061359671873641,-1.5710850641883476,-1.9501700658879944,0.8879211325213551,1.1293784659804853,0.01571771742351553,-0.1645198385931839,-1.2950122802688897,2.0076839684483554,-2.0120499763871984,0.16579778390223643,0.48639029843026904,1.1590420830559014,2.026788192232149,-0.974202561818872,0.035471117640908496,1.5961581745869795,1.7077351853502805
28,-0.38328445049481047,-0.12719004805437772,2.018544327139494,1.887284934314934,1.5907376873714216,0.24924188648408288,-0.9445044559658379,-0.6166838951075478,-0.7021132817814322,1.6073087779319803,-1.5831259353854141,1.1503944596603022,-0.08410036979941002,-0.5762689599976936,-0.32029515580598106,-1.3026392064388796,0.7002087088611675,0.35459417668089255,-1.076147867105583,-0.8389632699747472
29,-0.5542802254121076,0.9401744627661575,-1.2538106582883317,-1.7348850662799795,-0.8774145516084738,-1.4263861851580102,0.4341623291887336,1.019523522007681,1.4754160423080775,-1.1904391800369942,0.26323166874044734,-0.346266032136263,-0.2368403579451,1.0938527467730628,-1.281912184401954,0.5684805122788197,-0.16594371270187783,-0.6686260118271758,0.09261904346134064,0.345290233063528
30,0.42773574864009184,-0.3020491345717138,-0.397145145956366,-0.23776108640234428,-0.46064107682197036,0.6291016865371616,-0.2132685772087011,-0.4517703526624731,-0.6027964036632218,0.05990920056755647,0.9759734928931455,-0.3054517312363745,-0.08471215135466077,-0.3105020972352753,1.5126785046797628,0.45360280843640544,-0.05699902059464662,0.25471739484783656,0.517987193912794,0.4648548305464644
31,-0.28294644440366057,-0.042258078338395094,1.2685523534832013,1.0325325067059028,1.0175156122385431,-0.21799532883194117,-0.2827140940435052,-0.276700938741817,-0.1814145424333202,0.8070167463478928,-1.0705962741605695,0.7862908483959089,-0.13612991656116286,-0.23363030193649253,-0.5908115636093061,-0.9433799050805101,0.7190129495784887,0.15578629657511212,-0.7116215928601008,-0.7415907381830766
32,0.04957364804485293,-0.3125358562691546,-0.5809171998591809,-0.22507664462309934,-0.5169570638414553,-0.5479801349749396,1.0921269467960462,0.504110880459486,0.526967746270976,-1.1666926834693152,-0.31857046372684467,-0.4220854983573214,0.023536022543423643,0.8769428050095069,-1.3083148892117893,0.3197664081141755,-0.14167716874839842,-0.2770213628358193,0.11463322393290601,0.3057527520739105
33,0.03319271496072709,-0.09831314232238493,0.5345339388110572,0.5350574889427884,0.42537198421755557,0.38555825726734905,-0.38407957229675693,-0.38923732534586447,-0.40963338179740727,0.6625775623220068,-0.07193693378736694,0.3060473150319588,0.196900874982719,-0.34549446467771644,0.5693746586807821,-0.3520634841825206,0.054832708454331025,0.19585109592827632,-0.12036270994627962,-0.1554004519414066
34,0.5276231055010895,-0.27149733540479076,-1.7874665050930205,-1.2854679257314112,-1.422834775984351,-0.1807390006504909,1.1548686264204637,0.3889600755147403,0.2684008697080846,-1.2787430605085675,1.2812973243757984,-1.2587896907108904,0.06978388342585563,0.8687058385852738,0.08413219925609389,1.3363372141667822,-0.7872296720788903,-0.2607361228127869,0.9271428052496704,1.0764761787647246
35,0.1479656776758863,0.03555717269770867,-1.1519023645178983,-0.9446850020523535,-0.8057142101422475,-0.5368156532360275,0.5731530057554619,0.5822942153061029,0.4535305700335024,-1.0843572609735723,0.41378158875153803,-0.9337622107067051,0.042930228404072124,0.7028165019128492,-0.4916619801488251,0.4912919134196842,-0.4888115770433641,-0.2440649538122188,0.3018141333290488,0.569671697600587
36,-0.6019822613165976,0.27716846695042285,2.4841681184713114,1.9205840558245444,2.081153311620315,0.15439702114709597,-1.529491153003685,-0.740480840176669,-0.7080203484174522,1.7786153205952036,-1.6037220133763017,1.9190562145365708,-0.21227631319363474,-1.1378521616590322,0.07976531898400761,-1.8394731872800303,0.9093717855445789,0.4793695435945708,-1.319156758219386,-1.1976345142969365
37,0.42692266106600385,-0.9478486086165159,0.45525202609133886,0.805314437642277,0.20383105916617428,0.6407923314564774,1.010029332908308,-0.13795570660258574,-0.36877666962440203,-0.006081990384090075,-0.4194171543465326,-0.5827327654037523,0.38368975538746,0.16748513306289742,-0.34895729834629763,0.10294206341273031,-0.14865239450674392,0.09574324432456306,0.22552903122960144,0.10521890574356979
38,-0.318751868013028,0.9173942562275238,0.03563936098966489,-0.6559479278140261,0.025152853187251648,-0.27827185219863493,-1.4860443301734483,0.15184000107347895,-0.09686295485351369,0.3177777640948204,0.9651924481359417,0.667372332742411,-0.10001197465115971,-0.31421361436174117,1.10198790578064,0.05872830772254552,0.03941091847175769,-0.0016192701585459462,0.19106279920978175,-0.07307310651013459
39,-0.23247359922408925,0.35835442506694937,0.13854035938729314,-0.09083271919865735,0.10594909493177604,-0.6482580057414483,0.19414266937929017,0.1067206502828987,0.33171642956374436,-0.12232484146347049,-0.4141847734780459,0.36118412928390314,0.0054709170986971395,0.08863939835432944,-0.6881629870792568,-0.2964208103213468,0.10292583820336136,0.034558177407064794,-0.2781956478599682,-0.20289310432685764
40,-1.410908710772625,1.76934310750945,0.25326607246962873,-1.0174939208954128,0.6122780531266274,-2.6500570716871765,-0.2326926354506499,1.4188205000929308,2.2060603574367814,-0.8912866413609785,-1.616313552096878,1.4534053710392205,-0.4519001433842274,1.116386310623364,-3.108740393699817,-1.452913349565731,0.5140245213216683,-0.7634260979122269,-1.2878984022698645,-1.1040674198745186
41,0.9220577396139035,-0.6408817209948721,-0.4327405957859462,-0.16852413395835317,-0.6692518818057985,1.7458841455366176,-0.6617764490757035,-0.8916939580777294,-1.6218088986671755,0.8261795529373583,2.079491967288296,-0.6234520612150124,0.21883754628009566,-0.9663544491046581,3.1303940305932474,1.0866039211559304,-0.3708006525245404,0.5692846592590817,1.0511634420839684,0.79948902566213
42,-1.4143887826949548,2.1526493724256075,-0.49739860951108983,-2.125138000363187,-0.1037798171959163,-2.8372132245255983,-0.5870354312900157,1.500662170464475,2.2593864077485377,-1.2806906352422265,-0.7584386737667265,1.3658559731002982,-0.6223336589037074,0.9611530565898507,-2.503379304415634,-0.5372951183478762,0.34874754571313626,-0.881332775060367,-0.9393314972624396,-0.7738580763958097
43,-0.41009456195634686,0.7313888582767527,-1.587841586907615,-1.830249028549576,-0.9727692600314897,-1.7360925211878488,1.1186019451102285,1.3700638135783128,1.7471909843912978,-1.6920405470987923,-0.15042833783604717,-0.4615630855940884,-0.3006726428063336,1.051175828149253,-2.035695037305406,0.4232921596538157,-0.23643270858543014,-0.6812097346710432,-0.13662675854880038,0.40080695651175413
44,0.4718294498035404,0.10673093210892567,-2.2150654282228723,-2.0508627708612526,-1.7310426055204569,-0.36415181235037586,1.461787743158292,0.8972650764756841,0.7916443367416072,-1.8736705003180103,1.2846512396611152,-1.55650092588102,0.03468246453449272,0.9338920528077557,-0.3010328413761967,1.315957447383385,-0.7694029116229921,-0.48722162155273263,0.8437252517769669,0.8030128425580352
45,-0.9697752224389771,0.9839073477826837,-0.1751372275830832,-0.8270950958816208,-0.00151353723224016,-2.0419647289918936,0.9368755719136983,1.3266214668912577,2.024449052642998,-1.2836614138849636,-1.5260685455235687,0.26615226153871974,-0.3806642213090448,1.1950959204549425,-3.3815761559738693,-0.5816615196410564,0.20649499495368978,-0.8260325364116923,-0.7646832529706,-0.6064032004179346
46,1.5642596694259703,-1.833089937350234,0.23766785532129936,1.6540923890175916,-0.018410955158758888,3.138591215635539,-0.5538440097993821,-1.81492815627174,-2.9244673039872677,1.7068035610112073,1.769931887572114,-1.0029613785635867,0.5548646634156551,-1.6082048928790666,4.147282556062012,0.9706089737915538,-0.37970628550273877,1.2084626247537424,1.2655341770662716,0.883903722123589
47,1.2043847597247346,-0.9075946744137301,-0.7958621971457049,0.04700404882114538,-0.8085592190803126,1.9612518111341144,-0.003691856068974441,-0.9588248172349328,-1.5814381237039268,0.44926322723298356,1.7591531049148519,-1.4157057986158321,0.37587476790175367,-0.5602896901819714,2.6178932478007324,1.2289869658677102,-0.45638313271435405,0.7409290114183322,1.3550600364969618,1.0592057208535652
48,1.72120775696491,-1.4610089908302835,-0.7526769060043028,0.3389426866488121,-1.0535428872378267,2.840898763292768,-0.14430933628887857,-1.3451582461984777,-2.3550071419661,0.900680072325266,2.5268092894889023,-1.6626116680112715,0.5967377764808919,-1.108096504665752,4.250089346456238,2.0865006474724916,-0.6205554799985809,0.8018961753070857,1.8375809148704072,1.6512526351982095
49,-0.07968142283411499,-0.5752193245166115,1.2649847291445675,1.288483393602433,1.1029226533041012,0.4234128043203078,-0.042860928258864804,-0.2409365459128526,-0.37220210458411945,0.8151173250739289,-1.032806388553155,0.33972020605058695,0.0008039436456021842,-0.11600278527337483,-0.5092643318267899,-0.7977154186334179,0.315615751405893,0.2713354716765932,-0.32285826307143983,-0.6203696656293556
50,-1.264642145963848,1.6056834781477718,-0.5822758703053842,-1.4127674925508493,-0.16782839623681647,-2.611690502743948,0.5329443053721793,1.6994685317172256,2.4711958062288786,-1.3324902958784732,-1.2262963998013663,0.6518928204407344,-0.415701691880991,1.2514343947033106,-3.3597669123615166,-0.7148968011597369,0.13101054091307623,-0.8050559239951997,-1.1280109768967277,-0.5957891153958591
51,0.20268504648060504,-0.3717942319526282,0.43216469321103346,0.7629012858237902,0.5978582062603128,0.39866302683227584,-0.1326770584336765,-0.381017418102314,-0.31850298689182466,0.5621826682227364,-0.4632572665846002,0.11412156376257226,0.03467958356647754,-0.31241029274925963,0.2138062476352157,-0.35191034310891134,0.31833559837966474,0.35245261370136793,-0.07476282996465244,-0.23665358714150175
52,0.12516028693415818,-0.372144806729675,0.4796286383298035,0.7986256412336481,0.2933786740104682,0.5037308532763018,-0.014887731873447045,-0.2833213782372508,-0.3419930223221006,0.41451057304938577,-0.3511215355282317,0.04760868083751119,0.16278502239304643,-0.31297154455975956,0.03504429315442563,-0.07555131995833536,0.06813331454363705,0.11712672945013596,-0.09202468735089084,-0.13715027974616212
53,1.3027056813273925,-1.9352577426266009,2.282870222909887,3.3809270250595085,1.3238516481918934,3.397192842406626,-1.015241102226112,-2.155081684510784,-3.261089076034045,2.839028175957563,0.4099059816835028,0.050688026835202134,0.3242353733230806,-1.8728871548940869,3.608817355482782,-0.2525405084214134,0.46801244297313815,1.3997591759454797,0.5544685676727453,0.04037330718540176
54,0.9577325718774163,-0.6443923494057783,-0.49666498594094655,-0.07184821317050286,-0.7924956903435005,1.5968475000663502,-0.40743621899954735,-0.6713623646084639,-1.2000378998176726,0.6357532711551772,1.6881050611282287,-0.7885803939496252,0.23194926313217298,-0.6938038825007001,2.6827396041942753,0.9003066349807867,-0.5127495563046927,0.32304969963299324,1.196401745740089,1.052702154169618
55,1.1911383951937684,-0.9958751873116822,0.03778343239490266,0.7347079866509393,-0.44558011930069175,2.3974645539141908,-0.8313215183192857,-1.3404646345987286,-2.1137940879000494,1.4287664738653898,1.6774554380099707,-0.5327163918491188,0.2849592283355321,-1.4900498057942766,3.87895007122817,1.1133578358190204,-0.2896536225487528,0.8954066943794958,1.391877882238461,1.0007767605906648
56,-0.040806430851789255,0.5592633670776479,1.1963043061475014,0.49276440071914246,0.8386442017865248,0.3347708005310678,-1.6135071011024418,-0.6139981771504152,-0.782022773508406,1.4764937175333537,0.141102649474971,1.3283623687723514,-0.12663966239163627,-1.0754429348379295,1.4123324631683223,-0.8724322340951729,0.3952808174319635,0.32288994876282195,-0.40548890724806214,-0.670371003722096
57,0.09083482065375656,-0.2921635424140162,-1.1688109003539444,-0.5976934014907742,-0.7699950626427714,-0.3265871825266896,1.0862822477094136,0.2967531360144297,0.484277052211995,-0.851762602873435,0.08837765119331278,-0.8670031789399585,0.0345795811809992,0.7332232172388968,-0.5789311413436856,0.6309537863705135,-0.43349970048590475,-0.2865626095767942,0.5377010225507891,0.558563443558426
58,-0.4137825940831347,0.8383132626320183,-0.8850505341151463,-1.4221152958036103,-0.6080680075590155,-1.6844815963258994,0.5197483452776076,1.0683890822650328,1.274644557125727,-1.1341004913224138,-0.377694183477816,0.06613325777245954,-0.07821599610271857,0.9521187283236017,-1.7997203420152472,-0.11394332774867982,-0.34155725310222596,-0.6690410367680741,-0.34033498656506206,-0.23130293799291082
59,-0.19686741555792867,-0.009134948398456487,1.1515188058745331,0.9739288792997384,0.9213344501773609,0.3090555875264837,-0.8213039037548091,-0.2658617539238317,-0.47495802944124527,0.9606951958394336,-0.5833006504885653,0.7700023831324736,0.09365830190677203,-0.4974427558937481,0.11984757062930548,-0.7492631761267681,0.32447988475068096,0.24799462010337311,-0.5099375038280061,-0.6020009076455964
60,1.0302994417261802,-0.6954458431443588,0.7690484838306972,0.9483449260878748,0.2302461821375914,2.558026339456262,-2.3082123569982596,-1.9053295339780978,-2.6229697604656144,2.4222794839632216,2.161168118977857,0.4667428011358862,0.1663864326954519,-2.0782226028679345,5.2157530800381835,0.4157636779870808,0.17511896592347498,1.0051545442113712,1.0406356644427104,0.4785691621844531
61,0.9386467405878417,-1.0958300303282527,-0.28888312327263094,0.303323873256619,-0.3776275490658876,1.3293276125204236,0.7056834690416661,-0.589748974936859,-1.2011816301699572,0.183095496142298,0.773263423363095,-1.0841949929447088,0.28321657431835173,-0.16967903414056368,1.6306194352491152,1.0588182805792739,-0.41410753825820024,0.40062633649886636,0.7536022938085469,0.7564607468345232
62,0.51974617537953,-0.10823798948044555,0.006718849147752684,0.19977169720574492,-0.05187252590677662,0.9631159791495991,-0.7067240651827622,-0.5489935513943003,-0.9460163294395251,0.6730665722420902,0.8612946326757518,-0.07038079070840515,0.07422654976976606,-0.6547551887498352,1.6743482006120947,0.2556802797352108,-0.08147932613127805,0.49675172586504457,0.4894071073670233,0.23149629881022488
63,0.5193406470618769,-0.7730505817221165,0.49056729022135115,0.8742821738975357,0.1569234438957555,1.001468974960465,-0.023289338382528613,-0.687002316951848,-0.9244740949810046,0.5565568633444604,0.2437412827426187,-0.060805672980593695,0.248739974689903,-0.2764859075572603,0.5857213772575691,0.06916863285465003,-0.06533806096573985,0.2822573070088612,0.23363776797270183,0.13978149131573628
64,-1.1903900102564284,1.631289609502704,-1.9732684079808616,-2.647567624679226,-0.8878022516576324,-2.844750148422832,0.7223455839206965,1.8812611335301073,2.750101781473665,-2.2443414936124153,-0.34410374600193977,-0.08295025915306214,-0.4743641987812489,1.6191889017485943,-2.728589975354402,0.10744648588259098,-0.3584914133972811,-1.0764309190716799,-0.2405568596018915,-0.00711457252899496
65,0.7720760897676922,-0.531181994351342,-1.2026079112836106,-0.8017739354261081,-1.048657204419127,0.7375078202614976,0.5183102075564139,-0.17726104746648466,-0.3178577544284285,-0.4785777952972706,1.2918544247550403,-0.989940353436374,0.07815496284688167,-0.0255932526104288,1.309676036800077,1.404071834245175,-0.8049375334603759,0.41352032531506105,1.1796202382414511,1.0332538751709337
66,0.6950677978374908,-0.5254833047759634,-0.6188594320217424,-0.17283748329781973,-0.6375811838403089,0.9948402872455685,0.12399764189796833,-0.4296770913098819,-0.7415144675030624,0.13096817704887465,1.2658787957242967,-1.0919629918498321,0.2489937403467245,-0.22183582882928085,1.5563714572573313,0.8903544191092013,-0.2815480211513146,0.334779835409215,0.7982284903697575,0.8093322722801616
67,0.46496305381883285,-0.39553351415912735,-1.3212876367276758,-0.865076910724886,-0.9907857279194139,0.49162161218633843,0.5131392601176448,0.061545298247272937,-0.22242542863740677,-0.570283199367828,1.411099444032052,-0.8961305843495607,0.22430595806545528,0.21888434303635962,1.0557351749067243,1.253645558534146,-0.5598033667190956,-0.09794800557800053,0.9104988755419177,0.8163536134007663
68,-0.22745505067760868,0.12655038421273382,1.576705354538139,1.2869168680619971,1.0259951746068134,0.6841244257511876,-1.6452810361793815,-0.8728753778590617,-0.9440143205259951,1.7904875441941195,-0.5039266591172713,1.1239406317657383,-0.07926164283762846,-1.2357594511818208,1.3391531768453389,-1.0098132185346804,0.5727527218120074,0.24917211204210768,-0.4632234909732829,-0.8703826070882176
69,-0.6266789158446452,1.2048047040485703,-2.1477091380595286,-2.9103982836255704,-1.7933192733651149,-2.307653080427247,1.5251241564918738,1.9038042135307442,2.4163103262583063,-2.6541999960723826,0.32200968409540087,-0.7654035309651286,-0.2768555969770314,1.7273226808119013,-2.428836286734484,1.0352214707976872,-0.573227436963382,-1.0945035180418154,0.08102959142412497,0.2285184872831206
70,-0.18355807749976144,0.9170317379260718,0.7759547274553411,-0.03072477537556946,0.43315889487470155,0.7082479800639628,-2.7814335359915203,-0.7211245981138173,-1.107396101217943,1.6587613406918478,1.3203999868140432,1.2254736804269613,-0.17798784867322717,-1.5931809704945734,2.7921295742818955,-0.48130127300958714,0.2736998483584302,0.46439546612573607,0.027390571449276514,-0.3770653186408579
71,-0.08540180351948683,0.09948724406122432,1.7682635427312627,1.3934860742377624,1.3011752296430403,0.6128219267136636,-1.874454288279888,-0.8200525377796434,-0.8792745100630857,1.8250512364788514,-0.33025044120005015,1.3489721886175459,0.009736129857328343,-1.1247758651947635,1.1359027935162782,-1.0740562665328999,0.6875458176388375,0.5800730657572115,-0.5804475443485021,-0.8271378519688303
72,0.5917058784972008,-0.3764062400225478,0.026657172869969437,0.17076296176199127,-0.12441773697398938,1.1557617192620164,-0.777029146540912,-0.809982794647709,-1.2495631002374552,1.0184578098057877,1.0597319206200464,-0.12448640022798044,0.23366319875452607,-0.9342313684272394,2.279124027043792,0.3986213602653677,-0.015290966296313407,0.3480413262012634,0.4320283751294922,0.4506911423944091
73,-0.4024639713395794,0.39345952960204306,-1.0012395055030212,-0.98038578178707,-0.640976904298614,-1.187054584738287,0.9103499250155965,1.0488834903795499,1.3562774333131893,-1.3189196076721308,-0.49912058763436135,-0.30001636066219517,-0.16372161615883365,0.9376570651634232,-1.9220482837855353,0.07820527265540225,-0.22572046773407684,-0.668401632008428,-0.4639060072269833,0.005906711235623818
74,-0.6691679321075994,0.03443073958518642,2.7799638513534854,2.5145687246218795,2.3404795543489474,-0.39975144764913595,-0.5486324598275929,-0.14488854363332454,0.08954063132499365,1.4539133937685533,-2.9435617252822226,1.7009236353610362,-0.028814989186052117,-0.21258192624602346,-2.2017949078734347,-2.3671525116345427,1.157155604199167,0.3251567564685273,-1.9499952748287048,-1.8731094848547212
75,1.3325471562619284,-1.241496170625979,-1.1824904883818792,-0.20527633057462086,-1.257015928651011,1.9573653650924663,0.5210090680130691,-0.810166843131683,-1.263114370188817,-0.2621276376238393,1.8946421413917354,-1.458368963120032,0.3724925073983674,-0.23180454399140984,2.2888577175339164,1.6227419704852815,-0.7602852400762795,0.3976256816861315,1.687769614033075,1.4761939089938803
76,0.7550684236791528,-1.3211142520493144,1.1253206476835667,1.966128628865151,0.7226799542054362,1.9812972098451924,-0.38055995223816463,-1.4742734176846597,-1.9084135669421562,1.5678884197434937,0.3474897733611437,-0.25196226420756124,0.3247518764128261,-0.9883796207495892,1.9860689169967178,0.27308035273830544,-0.012894967632034432,0.8168259217715688,0.6337077219078324,0.22564674944534005
77,-0.8337542772002039,0.5723295092384629,0.16525963050802978,-0.06423218937401898,0.16861442290863843,-1.3577506108650828,0.40152184685512415,0.8202812202116215,1.285856439712904,-0.6668018420644148,-1.5880828749458369,0.5451034590728634,-0.022983256421735404,0.6563185614603394,-2.519078385596209,-0.8420629636045474,0.29795844577121444,-0.4838087133931369,-0.9631439926639537,-0.6183502098742769
78,0.366436959424005,-0.42331657751898577,0.34549981955887227,0.396789817432384,0.0694358190816503,0.4750523334997044,0.3053178715185939,-0.23021856076841613,-0.384705983290518,0.26294971271818085,-0.2706310294754841,-0.05657162643292214,0.17955608666474446,-0.15630052516385973,0.11936530560355821,0.0015925893335608093,0.0007002418927544302,0.15563388213924978,0.25300480403683256,0.007160635490843184
79,1.4224515576593735,-2.5385027344915483,2.7597782470281222,4.008837535126826,1.52694774738396,4.071894910449809,-0.8010820730324166,-2.7543647145509054,-3.885400639816506,3.442380586843214,-0.05815086115100404,0.0853677955246479,0.4520357599349334,-2.037916126823543,3.6951988724270803,-0.3032928274128608,0.543415964700433,1.4982670623072414,0.419684839605004,0.11451171843937674
80,0.408361602133825,-0.01616131503810854,-0.43177003273897097,-0.6941539307565707,-0.4356975440611387,0.5168659076812037,-0.3009937093391599,-0.3244127045298836,-0.4120601582165711,0.05533014873564749,1.0965068604343073,-0.2745256108618368,-0.07601765409984186,-0.230206629470307,1.171383386645108,0.727650036582516,-0.21539726136842277,0.060020630496189206,0.3752428697947039,0.5512667928409996
81,-0.5357509869461625,0.9073747859563752,-0.7213826488872105,-1.4259113238595136,-0.3941314869838253,-1.3605001981667795,0.2311327808775751,1.0215556099300973,1.3320946951372707,-1.1988095228919842,-0.180578422003484,0.0038122533776276946,-0.30573126561954483,0.8130196399934715,-1.717455813173022,-0.09108864887639972,-0.07402209017547594,-0.6975484222273052,-0.20576917060783734,-0.056597999446040353
82,1.074532422531342,-1.3173249021613032,-0.46574883657971383,0.20715289122442182,-0.8194444498213288,2.057463290459343,0.30154088170585447,-1.0084988700044433,-1.6243695839851555,0.6028562527132394,1.8355903409692593,-1.1271526431223213,0.38269861432688634,-0.673767415352612,2.591114779573495,1.3519547026056065,-0.4572121559327207,0.7173080824275371,1.3972305905388056,0.9858655121516982
83,-0.06303189493516548,0.7426738239201923,-1.2808206838884388,-1.6769811918589543,-0.7080870843574347,-0.47628442477009625,-0.13614347935040735,0.6029603962021846,0.7948605093068583,-0.8048699757000908,0.9734367833709678,0.004120654248427974,-0.14296613873284614,0.36095221227013563,0.21036621037101974,0.6503948973361016,-0.2858250327599388,-0.44368358388183315,0.291320160340197,0.24034726102053783
84,0.886893802942332,-0.3458603029411056,-1.0735107182013983,-0.5773288895156174,-1.0835317411342957,1.1636278136760791,-0.1689483830072812,-0.45757777439819947,-0.7353461861304028,-0.00920405523918752,1.8554276135352143,-0.9800157391069774,0.03177203360944325,-0.37168451023256355,2.317608645666732,1.3726729209765018,-0.5258270519722172,0.23900360890202077,1.2077637504814747,0.9779026614857822
85,1.28868471456765,-2.1299889784306427,3.139399484917077,4.114497525304202,1.7236599834810187,3.8587552795606923,-1.4835111354409043,-2.7890528454197927,-3.600678888261314,3.6019082732062264,-0.11563646159211663,0.5489319684731434,0.6463197680512137,-2.453258606120304,3.902507434603403,-0.7427915717126938,0.7009293966801365,1.6072789242397174,-0.016143498455416433,-0.2424247795856022
86,-1.0228484564783875,0.43343883890322377,0.8940269300525269,0.6902850639622853,0.9827109061605749,-1.1054349847544616,-0.04942901303906587,0.34403647347457456,0.8247086773384613,0.13235479508808984,-1.8806673044401303,0.9753227392258336,-0.20162084344272574,0.42729710652705455,-2.2061419823770434,-1.1840386125054927,0.5348093758685881,-0.4248987693084151,-1.2828627903804743,-1.0464021723969268
87,-0.06555688266834558,-0.595274093493237,1.3431795756909262,1.500779895738623,0.9728094573994909,0.5700650252637778,-0.3264464256516286,-0.6932230389160019,-0.6316988631804255,1.1469902921771806,-1.0235937856662551,0.38443492463591583,-0.04898816509931615,-0.5577877504442155,0.12965701598790483,-0.8677369240178384,0.3363768365177904,0.26026280291994536,-0.4020627693589169,-0.4688663449577175
88,1.488844388302387,-1.1862636909585684,-3.713333896240317,-2.416419756968055,-2.905283686970919,1.0723961024998687,2.393177693409867,0.41281097578239256,0.12596030440240633,-2.474456277947796,2.955555058190097,-3.048314866792788,0.2334570421897389,1.032128549397486,1.397258807190763,3.2256247976343926,-1.5550874929346472,-0.14678578634178804,2.4785191107093,2.402220131305625
89,0.3957172461351543,0.541800339208984,-1.7363409142106516,-1.8447636563197016,-1.5305328776907017,-0.1289009868947982,0.11304195439098849,0.38458760711530704,0.4445678285600486,-1.0031501060529333,1.7619373750183696,-0.8652523172771435,-0.04255800199863713,0.22515919386222166,1.002700153033389,1.188685314511476,-0.6525122802311842,-0.1634681862142626,0.8652620339896798,0.7052517087949175
90,-0.7077161343788542,1.3761337321139335,-1.8765782051018487,-2.2643141745304907,-1.068637352060248,-2.5298912514231318,1.3268139481418506,1.7883828084219646,2.4446934942022622,-2.4793002610019856,-0.532252038029077,-0.37807284163355065,-0.37242517578692036,1.6218068876370473,-3.09505482028247,0.4023948395685965,-0.43143012795193547,-1.0339971554321943,-0.29217904207112283,0.06517503147849628
91,1.7015158931700187,-1.27273308174183,-0.380221415374323,0.3212954808075835,-0.7469374218488263,3.1706814677862716,-0.9663928081813855,-1.694356951970108,-2.5970199945774746,1.3545728124564427,2.938632830765664,-0.8993835778625157,0.3984869206784155,-1.649890504061235,5.025972047628877,1.6978630721113666,-0.5713541237534199,1.122577133631847,1.716809799703637,1.4741197216273394
92,0.38164128327128716,0.0391031829449483,-0.9241753421751622,-0.9940396987954336,-1.011672627804868,0.3810164183315393,0.28690398077235213,0.051780851548855346,-0.06982273063107401,-0.7566893916649121,1.1728954015227255,-0.8661837783663427,0.02175344581113696,0.2819725867638294,0.7332420609893123,1.062669539543082,-0.5102589242554515,-0.06595619145893669,0.8619311872200702,0.7856328699008199
93,0.4877331943530299,-0.2332372051738509,-0.5414250717136821,-0.29688160754431964,-0.6034020033932219,0.4713501814619029,0.45961604688960267,-0.07875094781723908,-0.5124711099193268,-0.21877566903360235,0.8137641334653462,-0.4914480200666666,0.16376845928179257,-0.11124991595376096,0.8747196709361624,0.6553011378339804,-0.2658886725004641,-0.10419995912353645,0.5400887157810031,0.42380719248787624
94,-0.37246307166178805,0.9069827096496428,-0.20451404297380707,-0.6611169723928856,0.008847846219525682,-0.7458209924934531,-0.08437971306113382,0.5245099822450766,0.8642331326120753,-0.5228133104451609,-0.07519712278836842,0.1821443640780071,-0.09869432609639056,0.1661895891493504,-0.7122729222742269,-0.18417056320668568,0.11334145606545576,-0.18600337938591763,-0.37153929768682087,-0.18809758141670482
95,1.573467615524418,-1.2265589829886012,-0.15099495012660252,0.4787362733085089,-0.38969193331510055,3.2832544189767705,-1.780545364879251,-1.9602626430849825,-2.858846404557655,2.0659576632175245,2.9249889853465874,-0.9315311549469372,0.6337725321481927,-1.901094473597091,5.641666052948102,1.5127171975201696,-0.6954904453562756,1.0866712278886845,1.8382152854336817,1.3477668717613933
96,-1.5466180772076072,1.9621620892378733,-1.9920319416031713,-2.9201795475426526,-1.0706040274315844,-3.690012933526361,1.1837223093115314,2.499855912068575,3.5258157301121433,-2.961603046433,-0.9018663349617356,-0.04309522967785319,-0.5937394268038662,2.1007118399789655,-4.117279505548608,-0.20577040429112708,-0.14045856677322463,-1.3265900800081474,-0.7701231750058646,-0.16022097404004437
97,0.5592318842581275,-0.46582701214146527,-0.4533159765213665,0.06317215094348702,-0.35919823950954616,0.6671488543337043,0.13263909950060868,-0.32077944670026937,-0.5910171842095828,-0.023766899119599977,0.8629916081126904,-0.6797118055116388,0.14461377850423737,-0.10490128122760888,1.0431069634331478,0.4274433060913737,-0.3380635373538849,0.19867404412340486,0.7288772285453378,0.5035952258423456
98,-0.3383813718868557,0.6334802486717623,-1.2018819875337516,-1.5184779734710785,-0.871395926582007,-0.8092804271418694,0.21269114509643094,0.42831414641470594,0.9076714930350843,-0.878690813226781,0.655212117132963,-0.4358167013817656,-0.14798905487293396,0.5171468690686172,-0.3507130064160274,0.5983788266395095,-0.4160708834252244,-0.37963002875176177,0.2984031805491064,0.46864168868293254
99,0.6089293390852616,-0.14604229047747308,-0.5103039257864004,-0.204768494984557,-0.5179957238664235,0.747403708653784,-0.2097175022654955,-0.3320440292015235,-0.7440522069450087,0.15651764064322116,1.2995753507962349,-0.40673861239377596,0.13699502866936336,-0.39229827211779267,1.9269440005140535,0.8519424975060516,-0.2816043249597492,0.318418763151446,0.640410530456786,0.6321729516744103
100,-0.014259116537277045,0.13493052684291687,1.0676727012984473,0.8182781379377374,0.7641642939914304,0.21459062333592294,-1.0970907453671213,-0.5912240721245386,-0.5469406528648784,1.1712878406248803,-0.4823023793553641,1.0226989247350065,0.02619023747391851,-0.5903415823259763,0.5162264825125557,-0.6744829235799867,0.3276521457432518,0.34477295463891655,-0.43919439397548754,-0.5256864052382686
101,-0.5295999171615404,0.7659487104610546,-1.3325390028413548,-1.8955169258532263,-0.8686270520058049,-1.5615050640709311,0.6558262929842313,0.9427234352278059,1.4765354028117885,-1.4413632699190977,0.23305152496418424,-0.24143801334913945,-0.19312831049761056,0.8572390814194699,-1.4035835835000898,0.2616760261723105,-0.33031561245424296,-0.7863856931808829,0.07395264480399186,0.20176766090944093
102,0.5319915780552363,-0.5598151220918539,0.4681429957321377,0.8484832901440108,0.26010761240594715,1.177167498930858,-0.47624429956208625,-0.9129540005990835,-1.0161169149800982,0.977002449007677,0.36234878768966106,-0.05108191613132186,0.1626257648678193,-0.721026387992334,1.5992781528660749,0.24415251944079663,0.16495151367608715,0.31027886343184174,0.3766262281861461,0.2823995237893806
103,1.2496904910126259,-1.053841073669911,0.6158765450361148,1.1924015404096664,-0.039217130491087326,2.6540360441387967,-0.9179932983069438,-1.549155067514595,-2.3527977386174266,1.7555877332650236,1.5572571599610756,-0.33741657888832544,0.4343546096648633,-1.5474855727316488,3.8024312538455436,0.5489578830900607,-0.08833367300470517,0.9871462447877036,1.0348697217503493,0.7422866161880892
104,0.0718105744959766,0.4410789463841551,-0.5845740939723941,-0.6319810032839088,-0.14942220782070695,-0.37226799918667225,-0.20580350821123566,0.3903049077481663,0.227368479012387,-0.3409356192438621,0.6181481972984157,0.22753634289990982,-0.03877203723575419,-0.04782643955689118,0.40189232686372256,0.14992762048599984,-0.16008482300391585,-0.1273884787282834,0.2701698440970898,0.17755450038168108
105,0.19281021656483527,-0.048940605084595065,1.5729872467942028,1.4390226527420702,0.8017810517909232,1.198742906076498,-1.8017435679181473,-1.2180332317856393,-1.462648817078721,1.9302700486928472,0.3723245093465114,1.1521451847674729,0.03717985822079019,-1.4413531743866919,2.189248253102302,-0.730788098515946,0.5152299507172563,0.5527193957183427,-0.2939469313656041,-0.42275867163667596
106,-0.22375064881772666,-0.010457421249220084,0.8939804398831631,0.6090988066023482,0.7011364380449028,-0.0707972949372066,-0.2571813164942378,-0.028767718982075377,-0.05187159956481248,0.41628637561743026,-0.8140844424319271,0.4801163692198812,-0.059763928796002945,-0.28450547106098356,-0.5715553389833761,-0.7065687650532991,0.31263355181635966,0.022590828493726723,-0.5361808025691686,-0.46830506624559237
107,0.3880528499777315,-0.36834882074823244,0.009581581138599013,0.20102973397932142,-0.0438711289394697,0.6078300057189302,-0.3028793370144608,-0.5243179419106816,-0.631044607627372,0.4311748754995439,0.4396520405214504,-0.17134274313074097,0.056578580908926965,-0.4456478559978846,0.9186386976053871,0.08741594672700327,0.028767149457102275,0.050489368298768045,0.22453439632863018,0.20101323018377787
108,0.7164617479794376,0.1874589787922935,-0.48004787454579456,-0.5831298074368596,-0.6484726196711598,1.076207258413472,-1.1113432328169064,-0.7850388983628842,-1.091076884854857,0.5895998435865872,1.9824059066814208,-0.37610114938523176,0.3055577735419172,-0.9554533840701029,3.21263007916658,0.9955264240877202,-0.2849782706557483,0.4227284483902228,1.0418333732156682,0.5158634568252138
109,-0.2913361781375151,1.0553416308515342,-2.3109351299294296,-2.8326316930180244,-1.638740122807222,-1.4084201318498344,0.9994159486615458,1.325005397115714,1.7904825244590123,-2.177573379792409,0.8325516173722143,-0.8898875599922093,-0.07253417604898652,1.1595547792290026,-1.15142884191888,1.0593186037813953,-0.5161036826329342,-0.6265389566832237,0.7236086998640473,0.668909125166331
110,0.29063387134156515,-0.49541205682258166,1.5082706666907622,1.271353327176806,0.9146998430592665,1.1503501494914419,-1.380961234437288,-1.1229997914287273,-1.4770879118819824,1.6276857943737633,0.06178622163180186,0.7536770956364136,0.01819392093843475,-1.1678646268042723,2.002393692882811,-0.5612754259714643,0.324816614890833,0.5759336378777198,0.04060862257974174,-0.30646084619125813
111,0.358071097165617,-0.16883112443512416,-1.1380075467171016,-0.695565666106127,-0.8256244006640101,0.21731402321690513,0.4174869312270221,-0.006530530116671943,0.04176448578328278,-0.47392941533801936,0.8674299902823784,-0.7598382702643182,-0.13114404507159527,0.16835843777874182,0.5508250634316938,0.7992433510930682,-0.5379352328782616,-0.11550293288454991,0.7207854413923466,0.6735456597122005
112,-1.1890352510104565,0.6391395061529971,0.459204149065943,-0.04084035866690739,0.38464352655903034,-1.6119439758698775,-0.02831486276504569,0.9096687943396218,1.2053742693095748,-0.35506083991118453,-1.4735795772976228,0.6863460420962885,-0.19730087111969014,0.5664662075661708,-2.2731828125065436,-0.6648316057034975,0.1987149869001626,-0.2753858718220201,-1.115011549007685,-0.876341065968551
113,-0.5047460395138885,0.7657456010165533,-1.1591928451191686,-1.4697027522212278,-0.8205183064484254,-1.3981765052590354,0.5652424964201208,0.9342237041270718,1.3935097485665087,-1.262762959641788,-0.11465159617038526,-0.12017631102265218,-0.29594656251064644,0.9958124871902445,-1.5427207782681258,0.4021882932399725,-0.26544434485697627,-0.5483832484949954,-0.12216083113170122,0.18258134147008984
114,-0.1250150638984635,0.44310106709379404,-1.4508031121216127,-1.5076235879051538,-1.0218353689145705,-0.7938645163229803,0.781345668831843,0.7825222841334842,1.121774028637459,-1.250680574260358,0.6430942256366481,-0.7138900919510758,-0.18190382841137753,0.8866608163840553,-0.6664030709335266,0.8937022139724264,-0.5274843021020738,-0.4694332428646082,0.21092831104039816,0.46641231883439205
115,0.5571628263030546,-0.5731884292766602,-0.27091983057747454,0.04541232304114775,-0.3277587397340044,0.5261701245169316,0.3740398870118766,-0.560637307171668,-0.44961043257802685,-0.19497020615047223,0.6215013696724709,-0.5072437650024697,0.18864204274758056,0.11047931487710413,0.5696532593336397,0.7041633371025722,-0.1316754476781414,0.13410497473181257,0.6050942196438955,0.3517334143181247
116,0.8745329137387747,-1.1543004124207394,-1.4132308090788368,-0.5369252541602482,-1.0968204220665674,0.9305646693686682,1.4746655590557756,-0.2212835294080982,-0.5782224790355146,-0.7725032856867762,0.9106511845111657,-1.665832438010834,0.14111067483451015,0.6199328392368764,0.8136582242427881,1.461714806550357,-0.567377531563128,0.026871178956017372,1.2309899829878896,1.2377997017271676
117,-0.43709697712416684,0.8331618353053845,-0.8086835817441014,-1.2108511687715708,-0.68183602483242,-1.395865581734539,0.5026939911564976,0.916285395412439,1.1433944587781928,-0.9304967953884767,0.013236121558541813,-0.025689059643297776,-0.19042225968273474,0.7732446789127041,-1.5626943383267746,0.130526798090626,-0.15737470946866497,-0.6564887356461105,-0.1346403631137185,-0.0194921121208832
118,0.5300132740129282,-1.2573333908853694,2.218403531309768,2.929247073403634,1.493326929248547,2.3810485878050422,-1.515990317891218,-2.054032102650596,-2.479914001824508,2.7008820973634857,0.02597981046544637,0.8016363744068405,0.2116280320566545,-1.984485050671377,2.946854944533957,-0.5589913523533958,0.43261622040322323,0.8260495630735349,-0.005600630007435901,-0.27634153749840995
119,0.5823587197682143,-0.3185563366935383,-1.1887889912940346,-0.7141173023824332,-1.1522560650230993,0.233973413197479,0.6390072261286907,0.14445456703558765,-0.049820607339353264,-0.6857582577932964,0.749925010107134,-0.9889905478646507,0.13606705913222006,0.18404666791386162,0.5586599158032037,1.0374361341213016,-0.5315383787352708,-0.040767674742689615,0.6697805466299067,0.7546286587738963
120,-0.25499585502233,0.09704598687438416,0.09769455306838393,0.14030954612529892,0.30126721267145823,-0.8006136497275904,0.593839654240284,0.310281473188878,0.6049892753383534,-0.21543656502345207,-0.9596722576788057,0.054883570970509166,-0.0957788720926214,0.34691981211351364,-1.1542212717546523,-0.45320726172664116,0.0699544767385965,-0.1708718576625305,-0.5416113861335314,-0.3310778230533892
121,-0.2947658503084359,-0.11493125453857231,2.1787260648456717,1.9211155908907567,1.5337778383585425,0.5426628793932647,-1.0777921477188057,-0.7590649992818227,-0.8449754097028878,1.8373597234978651,-1.383772912969988,1.5235194611780734,0.02617157177072181,-0.7898422754804497,0.21013861092432035,-1.27424928830058,0.8910497159328774,0.5001795252698769,-0.9173997927129875,-1.0964499198446638
122,0.12376438813351545,-0.29510912186777366,0.9527753333499072,1.1105954543336687,0.8269334081873793,0.5951277755425395,-0.5098717068246104,-0.42582511519892985,-0.8680369004436432,1.0125607024634788,-0.768125952453109,0.5966080029189617,0.059168615921931476,-0.4981346200991225,0.2705033644392033,-0.5101494064379475,0.48786363392519294,0.3821992591201092,-0.36977506879676403,-0.3767678640075101
123,0.08641419044130266,-0.08492789693014825,0.36896858822671896,0.39165032143395684,0.026923988514340955,0.4475273887496578,-0.3628756698106522,-0.2236897680776352,-0.35762782426590456,0.1701382918862948,0.05379248734528706,-0.00720587477661877,0.02620627066816158,-0.39800282865459624,0.6295967587332895,0.04275853031556019,0.011579165943239704,0.08714235460798346,0.20678467169258444,0.20310643501782522
124,-0.6785845966034204,0.824793562689857,-0.621271078658424,-1.2136509027562523,-0.3345753013380572,-1.411497375765167,0.12404879286928572,1.0867029099181782,1.3600547036775295,-1.112172993438186,-0.35548863662955166,0.17390964880723322,-0.41864352002567135,0.9030205079273493,-1.645036001708508,-0.07402738435419406,0.024084715913789412,-0.6644655755655959,-0.3237187777408522,-0.23325246182830728
125,0.5836076746131367,-0.5608159793995636,2.2234468495300814,2.034008259618171,1.454332252053419,2.3588233734981254,-2.9245990614944137,-1.9731696875166402,-2.6596207223777606,3.0108983842604022,0.8558857085131713,1.2479097509385264,-0.09116084220889406,-2.3929356113546296,3.9709362863490636,-0.9025809066787385,0.5147894701449,1.0959423735056577,0.17372696639977175,-0.45135931330989376
126,-1.0675647051624926,1.0611750309123615,0.26231946995914507,-0.4606406900250914,0.3921662060609459,-1.8929043013576587,-0.06206925995378818,0.903061280529968,1.37593227564362,-0.5913623696697847,-1.414725327968752,0.9453417044888826,-0.43910628387281614,0.6772432329395968,-2.4123302531502504,-1.0383690129137735,0.20072962952812978,-0.5695660276420721,-0.9394622724270831,-0.8033618804800153
127,2.195254741770084,-2.4761010819768132,0.9247532131957419,2.535444801256218,0.09593020341952836,4.536601706296728,-0.8812602709025414,-2.5660562230469517,-3.793992688220095,2.8114204265162837,1.9022511657199352,-0.9814872521839569,0.9630301521891856,-2.1335002477364124,5.260878885892777,0.8875932036586702,-0.09073552408513878,1.369464861258674,1.6084202112855863,1.18632370049399
128,0.6074234322098455,-0.181025466749954,-2.870044384718752,-2.241134919998207,-2.347458707046934,-0.5124986900047832,1.9312084175278241,0.9950601972773263,1.109462350353933,-2.3191714367123852,1.6884788488403981,-2.1521097182728766,0.22854057156987695,1.4872765578279044,-0.3732324241657243,2.203344592786492,-1.2816945253307377,-0.5783590433764875,1.2611729101918265,1.6035004970687805
129,-0.7739496106717233,0.9324184947229496,-0.37100914719119193,-0.9409246140989018,-0.15851044662255265,-1.5882955131801129,0.22908988272040942,1.054758266430714,1.4174632942943637,-0.9932757514551933,-0.5648846365184615,0.05463833653835093,-0.3522554773776092,0.9313848801155369,-1.9001320743526264,-0.2244284835141226,0.09293116410362416,-0.6714784541831611,-0.4495407031725092,-0.2028964083567989
130,1.0094615249068861,-1.3670154491117077,2.567853750239903,3.589946375686143,1.6952698791900562,3.3383256958413785,-1.660787670178941,-2.473966429998041,-3.2558606569198822,3.164683188477195,0.10955736900572127,0.6677782623442138,0.5300548791116649,-2.121556896490759,3.7513375175788846,-0.6932718486358278,0.5849458855830697,1.3350335559292923,0.26266803780709946,-0.15818961421501115
131,-0.8485476243184623,0.5315421973716843,-0.24770157131200266,-0.30664665987809725,0.23022475764478761,-1.5708934820640372,1.0273717716236814,1.0576254349523422,1.6985977387896023,-1.1402978858683137,-1.5972025958957852,0.11662533798317073,-0.13902428159433472,1.2494492692629875,-3.267138011649588,-0.48461978802744204,0.2580200347333762,-0.6105996767302764,-0.8572234786485976,-0.4898614790145775
132,0.7723411593382032,-1.5088762534824662,2.7336089386605456,3.663593448424523,1.7515399241966199,3.2514382097324845,-1.8974200883506767,-2.3846205832902685,-3.259321892339823,3.420130991931592,-0.030896596705722562,0.62611453314547,0.553862225808432,-2.2257418268800317,3.4008902807075594,-1.04750735402648,0.9492125490688169,1.2888092292479283,-0.16583277008937403,-0.37916882684203157
133,-1.8973968208028347,1.830751597691092,0.06666986371650506,-1.2976151216945235,0.7016248225229742,-3.5180915399002313,0.6367066343599642,2.0674911785920846,3.2738627811287673,-1.6900678068388555,-2.65638830594601,1.3568536469259664,-0.39321303932726237,1.505220968399325,-5.107154981334072,-1.5253640777206066,0.4755631710819301,-1.281455662567628,-1.7642509131934259,-1.200255199573197
134,1.7530907971325946,-1.8829853859014773,-0.8478162921984392,0.5969125607137221,-0.8725298414645487,2.892395833319601,0.3119519999501024,-1.4727375756263532,-2.336571628796283,0.8050799110098118,2.2988254754882402,-1.8216779800259897,0.6889259616135964,-0.7947181902498651,3.827105967398395,1.6017700513814779,-0.7903330964515038,0.8162207128359822,1.855983706722883,1.7130142332751785
135,0.08252015661398064,-0.16604755965366533,-0.02165917066520974,0.3033363430880581,-0.027273208270892205,0.18282657193867902,0.18236379530147173,0.1538731341679722,0.08092397946194967,-0.03767897063695483,-0.2626463954358957,-0.09267235197209803,0.06404926076560034,0.0893826683061637,-0.3067219891686539,-0.0678636678651343,0.030381343441641052,-0.20482942048006755,-0.005853020199677754,-0.12030995631576212
136,0.872074845380499,-1.0926414794718486,-0.8359358453165097,-0.11022121417674499,-0.826947594329266,1.6995246869044307,0.17616714224828986,-0.6753363807113877,-1.0969474130185524,0.22418378481729848,1.4313224642075855,-1.1660177359209558,0.42834351776453805,-0.215333624078445,1.930117841535748,1.0364515216851364,-0.48754138228345395,0.3093114408334313,1.170865647346563,0.9003212541856244
137,0.015787698721330984,0.39118748823329436,0.6698332755740029,0.4671259529807588,0.6171078135604496,-0.02723275882898448,-0.8639888068471347,-0.18846543037419572,-0.14347571769959117,0.630696562268708,-0.33823510347586716,0.5454830995229144,-0.06075856161674289,-0.43220455623574605,0.5453162447585544,-0.6254194288686455,0.3197836476467718,0.2554148768791765,-0.0849632922361781,-0.43379656368274544
138,-0.16039634331378863,1.0866042259042623,-2.7571262882957677,-3.1570148747036324,-1.9506429072076608,-1.9630807657710627,1.1601930084450098,1.5143174989854506,1.8678712059564755,-2.307091665658326,1.2269134901245797,-1.097820424979369,-0.038978447072422734,1.2927403038984604,-1.216412517152912,1.3783457238718206,-0.7930997104163542,-0.8690991357375044,0.5677602758245244,0.8501837736949394
139,0.44164755340386663,-0.008121986517018535,-0.5941685277334581,-0.5782198753408669,-0.8319351760446769,0.8750553347478596,-0.6241167866877364,-0.23551702141756095,-0.6433423478828924,0.3318805866602043,1.5977839809392937,-0.22126296780825197,0.13280518718615467,-0.5353764351135015,2.292863452289769,0.8933998431180955,-0.27163010471197757,0.07314113479182793,0.6717782791328217,0.6404957737137923
140,-0.46174041305285757,0.18805535020043776,1.4428638874013682,1.2473676635359614,1.2413500404788977,-0.26241108256882095,-0.8372995101938485,-0.3142089034981661,-0.20821153641257367,0.9153203572900965,-1.1446545718930914,0.9655461490980615,-0.09581415281214972,-0.5032452736629117,-0.6914266378133621,-0.9498962047310522,0.7041769162108236,0.09787514180777471,-0.8525510055760398,-1.009586780678299
141,0.913723421107771,-1.2971741153669918,3.8027904351811768,4.387829164269963,2.5597013725490463,3.209095556848991,-2.5437374612513732,-2.681502656302165,-3.6407602213266976,4.178846234829237,-0.5352334166132621,1.432200582114713,0.42914471286371153,-2.8199057353759507,3.774288947403537,-1.6080173000728557,1.1894900398792427,1.3634774396920972,-0.2618580217582002,-0.7567912060911959
142,0.3072450628569961,-0.5168430405771536,1.4664638193811754,1.4202112152029063,0.8502777767995933,1.499311054593707,-1.7201807118014472,-1.206347482824388,-1.8622440813906893,1.9080222118682828,0.4538032827367152,0.8253013546163808,0.1868426952234643,-1.615208656341707,2.7398551279359147,-0.30553022344249703,0.5104004189423748,0.7221118387272347,0.0037347161627029474,-0.3591509575139927
143,-1.0088362265054205,1.3744651943801156,-0.11483305930510947,-1.067343213401015,0.1546732546287986,-2.2163744826304037,-0.19929726916502968,1.1316249430046386,1.7404056870542506,-0.8991488987244851,-0.8146052606595768,0.8340445154335132,-0.22090487193146124,0.5012948831823189,-2.18835846218083,-0.7457999352053629,0.15667773872823998,-0.6327968260484518,-0.825241408393613,-1.0013661598261627
144,-0.5829213203292178,0.3570956384392503,-2.8562562462154326,-2.5634335331603326,-1.8161680428969647,-2.9440133835604763,3.1435904467919067,2.5072610416644037,2.9997609512193013,-3.797055336746888,-0.5536317945892651,-1.2618484034262403,-0.28089119185708433,2.609895802440668,-4.422843182877278,1.0828997632571935,-0.7145974186704022,-1.3998877887713856,-0.015846697514789197,0.5685349864247062
145,-0.6120657729979133,1.098010117467552,0.5859234080853509,-0.34536975413071314,0.638335926998599,-0.7763453502142126,-0.9592166201465357,0.41150405616363306,0.3226431302226816,0.27364017862245305,-0.4025265224883586,0.8551997230017734,-0.189574234084874,0.03810757259611672,-0.5054256174321662,-0.7327054379026648,0.3931637488080314,-0.1589023237348263,-0.6367420445951734,-0.7911779453118114
146,-0.6003764216572078,-0.1439834256700672,1.7561501809786209,1.9495060693237523,1.7511151268594014,-0.28004016809632537,-0.25704231081266254,-0.0927192508800732,0.008835370843050203,1.0782941364631053,-2.145437064797334,1.3107546886652812,-0.027358950697972062,-0.17569915339834488,-1.645085527949265,-1.5951504697888876,0.7254423701381028,0.06825032824057338,-1.361082927561815,-1.3156997051238284
147,-1.0764112141177828,1.8164234364603042,-1.3718999950610353,-2.59176127195876,-0.7690873736366496,-3.330162419258023,1.0743154122934737,2.0283320142606547,3.1342032079597852,-2.570948707088685,-0.8093654946596139,0.19065118169599782,-0.2619177524594851,1.6984255392427399,-3.8087278900418813,-0.04576616616467892,-0.31004424298223376,-1.1398414976731697,-0.7275200639026037,-0.3720333232807072
148,0.8793980292214295,-0.6563497532538765,-2.1534093850135543,-1.686408751924681,-1.9072166866256732,0.49855500957252336,1.222953277839541,0.3058942095927898,-0.14181144960795833,-1.4601499229165518,2.048496189744004,-1.904479351741478,0.1737331509285865,0.6256334229670879,1.1989350622667863,2.120975602485281,-1.1235198044066912,-0.14266265222583838,1.7003708291018098,1.691218193843598
149,-1.4669895501743713,1.5498942524714825,-0.5950259870871333,-1.3333101414505342,0.2725936941323513,-2.7684164273743987,0.33059061346641716,1.6454945682838806,2.1714645907849484,-1.5241240584279232,-1.3384293762616106,0.7062579925167912,-0.4720104886300808,1.2899322944080267,-3.3662435267638613,-0.8024686275051155,0.15515973564406377,-0.8820437387803597,-1.143622477268996,-0.7772209964273745
150,-0.4463187599985172,0.34953442204459745,-1.4415943475406223,-1.3740276248009267,-0.9088318599309357,-1.6599744994953065,1.6295658087631888,1.2413843876661326,1.7818112630467822,-1.9340618974468968,-0.44408667883559055,-0.6029231012146292,-0.11298034546235773,1.341284513670252,-2.5168718266396453,0.41264231745440794,-0.35885100661033653,-0.9082758282045029,-0.08028376434504758,0.44070961689031807
151,-0.47026230860544327,-0.07385518919727423,1.1125666800860232,1.0136456708382853,1.054838840757459,-0.48262677413597543,0.08618864868883344,0.07567336571568829,0.17473669531365946,0.4299094509981978,-1.2725088930059485,0.7451815813663519,-0.16939201334467444,0.12606743255282915,-1.2471141766162386,-0.960860872797181,0.46946387599907574,-0.013741094361045396,-0.6892876846095377,-0.7361354070504322
152,0.5743428360569606,-0.9188313816684324,-0.10141880475037733,0.6165347219403928,-0.1992111170544009,1.0668314878532106,0.6009981693624249,-0.5522568666058952,-0.7501274622991172,0.2803818232703175,0.628434600524052,-0.6093483961246234,0.3558465244456702,-0.15028097207212915,1.2339286813693422,0.5507344904292301,-0.2661388546048426,0.37958006771766306,0.7147595860574663,0.5255030131415818
153,0.5536773921930591,-0.23369955867746167,-1.3249726586321262,-0.898045131935914,-1.0206770311011244,0.17762504090363013,0.9436765938663787,0.3525801378039337,0.22374183052805474,-0.9129203116460969,0.6329040126820555,-1.2004498585001786,0.126055667856777,0.29488260553601164,0.18321022311600393,0.9917033755231411,-0.2002502720953862,0.11024281203039418,0.7096918744280738,0.7858211338207644
154,-1.7414289873847049,1.8425132799799395,1.0112810620686858,-0.22709905247791795,1.318923118256685,-2.7944608674995086,-0.20900890348842927,1.4492565385452592,2.074781677486318,-0.7289113055590639,-2.6801452587598344,1.794796930870471,-0.7253786623111096,0.8516784357921918,-4.025349638808745,-2.117382356642771,0.793654155614573,-0.7990563727166666,-2.1325027267378167,-1.9306928541074506
155,-0.6950960959966828,0.7204258580335459,-0.32885645176537864,-0.725263668717774,-0.17873906875189027,-1.3908992491004295,0.2572674084847612,0.8738345538706418,1.3998441926538474,-1.06939327759963,-0.7752990932911801,0.24287154392964322,-0.0848624870120257,0.7127633292383109,-1.9683341791813438,-0.5011056994366067,0.039169735510451026,-0.2936746875359504,-0.4789041087060693,-0.3219146198576897
156,-0.4772249927819534,0.6292567357666858,0.3807396654731897,0.05083207548908188,0.48107845798748816,-0.6426545222748419,-0.6998045943923097,0.3508034059649597,0.4450610694798131,0.12281353816446716,-0.3879659821159467,0.696841101135263,-0.23902786952945504,-0.15221751195962913,-0.7006361950166392,-0.5822427474446616,0.09816127409003891,-0.2598540588851311,-0.7591876888989995,-0.5571859109182951
157,-0.12504197947674256,0.20183865286612135,-1.2015269203465955,-1.2185328534636608,-0.7098038471218245,-0.8590745225855138,0.9323880438409012,0.6182109007263298,0.9551707419193808,-1.0796572298881113,0.19449434927325818,-0.6021721591374499,-0.05342182428498694,0.7813606235871641,-1.0885747133144563,0.4673672776837478,-0.3596318221896501,-0.38781425606199177,0.08026128014199846,0.23502068876506432
158,-1.254545568603021,1.9903744971000354,-3.9054343068772623,-4.738687770103147,-2.556542561919609,-3.8786766680435707,1.947076345703875,2.767758462062811,4.046179318732372,-4.16711641193353,0.43841804826076414,-0.912591349346317,-0.6599756431035165,2.686141567228776,-4.132767325038002,1.0438756348065643,-1.0346484207286097,-1.7562800761421398,0.07986042764784151,0.5041441319484505
159,1.2846261030165798,-1.3679930806078344,1.114835362625448,1.8738662568758697,0.3466820397843332,3.2493788497890876,-1.5535889786510237,-1.9861263025201679,-2.842704160659476,2.425820051747526,1.522254470089104,-0.2429068035718122,0.5567519835972111,-2.057500418115863,4.374138597405354,0.42690882675195363,0.18232300168441032,1.2181022403565924,0.9100295620635708,0.514117593817505
160,-1.3612726937516375,0.8866728523312877,3.7871450019818886,2.433624728060129,3.177673246682118,-0.3384742186527153,-2.5637543390581805,-0.6782201145858493,-0.51738850771109,2.499551037744568,-2.561323978240481,3.1099014104817457,-0.13535411390672686,-1.4973816110971958,-0.5687853395903422,-3.018713783210726,1.4182556714868773,0.4150702988287382,-2.261312204482928,-2.3746154630865415
161,0.41905510676762286,-0.7675156299265835,-1.1075487891011657,-0.4833891527210819,-0.9245293277830181,0.06779414442142027,1.5647788980646269,0.4141360098595891,0.28376667435219044,-0.9427687415585558,0.1535542245545604,-1.2159951598008283,0.03143106744992909,0.5965335256856685,-0.6333207242618714,1.032403508011093,-0.3954109372198622,-0.1028216844207374,0.46112377849784114,0.7406147644915709
162,0.6384294300838006,-0.8587851638969037,-0.7876876019117676,0.0037956783174357273,-0.5753917463711532,0.7450602272306789,0.8391736665069294,-0.19692673536092123,-0.3071990609563976,-0.3052401454021516,0.44454657149960847,-0.9676305002808335,0.12516060660229805,0.08867889753185534,0.18562574835594606,0.8606015128084875,-0.21592229281677416,0.19231196577119208,0.669854345035709,0.7122999253779072
163,-0.14540181568073096,0.8404668088195435,-1.704250032882093,-2.351059311834387,-1.2226232789990286,-1.0059701784302348,0.36503144772476903,0.7273846098705004,1.0945773489504376,-1.5161113415175353,1.1575573977438023,-0.5546413582395376,-0.06826772800641993,0.5468587908402651,-0.2061503345243468,1.0011307461841121,-0.6089542041107029,-0.4701476849533065,0.6878841217714668,0.6410037665454185
164,0.7573343735253885,-0.2988377218771262,0.6461975378959561,0.5826780448928822,0.25787635077279614,1.5427414233034509,-1.379687299327802,-1.0665576692039873,-1.7547480058210736,1.5370327297156727,1.1994342906131021,0.4299314090550428,0.2567496642637344,-1.2416685095193736,2.9288080190398538,0.17820187408362095,0.22158249869770802,0.49909549118169494,0.45393444291712404,0.08359423188763357
165,0.4026877840146316,0.3164602727356044,-1.0440702370117934,-1.2873150924648198,-0.907406634039027,0.4176547132640862,-0.3162437680737035,-0.005014794703539029,-0.2647612862152748,-0.3655208425289207,1.540010332910589,-0.5349755238729308,0.23981402845162134,-0.1465021599402882,1.438093821599002,0.8220796481203143,-0.42197781393766903,-0.013036521060428234,0.8758535474353871,0.6612459127134347
166,0.8395181111333698,-0.6648732009803516,-0.68782135031345,0.027353012542696696,-0.8201795679577946,1.376271541502694,0.33265087220414596,-0.7793717676367841,-0.7829318119359484,0.22782718474230912,1.2958405781507494,-1.1349800031995991,0.2942059006956281,-0.29007619706306803,1.8855260430060066,1.116438252065511,-0.40325051767337605,0.49114261266160275,1.111294577790951,0.8271725589319006
167,0.06706470366903695,0.889520509007728,-2.0558004601144075,-2.694073994968959,-1.7050781114333735,-1.4779392911671367,1.054354858787634,1.1293278818645593,1.6608133854898606,-2.1662917057255076,1.0048032881953797,-1.0588126365203125,-0.36140618251065804,1.2098154259683298,-1.031653172241385,1.2736679056380071,-0.9839570987065577,-0.732823546021281,0.8501042348813468,0.8877879229405755
168,1.9845691743931524,-1.9716248231440499,0.05373025237783555,1.3374993626159066,-0.7118430024397815,4.041116687640894,-1.2211604516029948,-2.3401132206933957,-3.517908266712102,2.080112672632037,2.880116529324415,-1.403353997617143,0.5383930631635778,-1.8955343104847717,5.80109509132544,1.5841496238740096,-0.5283905970551693,1.3911672532180133,1.971439390848256,1.4891777685990635
169,-0.004715892900693686,0.12208958714686527,-1.270299978331987,-1.0188191360186525,-0.7733963022561403,-1.0712193652902358,1.0341053836845804,0.827042510599529,1.3282387546539145,-1.2954680306003263,-0.06393238261780328,-0.6859806800599085,-0.2192354797013921,0.7042498273864548,-1.6813239367009891,0.4882510035255284,-0.2617249561848347,-0.5129367017884914,0.03835966656375405,0.1810660614932249
170,-0.6007642867574672,0.6096812773376022,-0.8149873388036768,-0.8523172833316418,-0.1767380023647123,-1.6326033612250783,1.1580020987548207,1.3621968529951487,1.5663649306260363,-1.337085150879901,-0.9957223353619471,-0.07654434671267873,-0.15577660897871856,1.163362170133078,-2.672208764064176,-0.1490290481093423,0.07335353782087531,-0.5760482344748509,-0.38986313015234186,-0.23084726544092354
171,0.31959694728998944,-0.31545241668540513,0.09577594155683705,0.4297734115206896,-0.02363262018590019,0.47274706894079555,-0.03163105552991277,-0.30051462421413816,-0.5906337165327756,0.4437604746540541,0.19683313060496338,-0.18544922972744898,-0.06042615730442483,-0.25313879340198675,0.5244038121185538,0.09331489293888759,-0.032203492964679184,-0.00551423386494676,0.12067426093607767,0.07592536459504173
172,-0.4008252196226311,0.8560989553411871,-1.311872535667414,-2.1141837403103425,-0.832570798183152,-1.5900334484284362,0.7232459583465074,1.1729109293298743,1.6740839137897585,-1.6699689933011288,0.16129555415130395,-0.166623939815432,-0.2513799923193391,1.024164473818583,-1.3571700760928243,0.361158974475254,-0.3224979534552332,-0.7466862873382815,0.02657034137040487,0.2304077578186234
173,0.686135038987203,-0.7831864329751348,-0.5383190708190466,-0.05131416200193448,-0.738506119452481,1.2588585132686316,0.1098298758553579,-0.4151110437339718,-0.9482991624531064,0.1446300803231631,1.4718048382309867,-0.9803315673751114,0.38345501864683673,-0.48842580585618944,2.0328397329503263,0.9992663047595999,-0.45201224922206984,0.13106526087462123,0.9560063889127977,0.7649053998222521
174,1.2633097950952559,-0.9975013345430968,-1.1641374492699859,-0.47161124086136125,-1.2810925727349443,1.7830665316204939,0.028664089499715342,-0.6352517398742674,-1.4909401984547979,0.2693979620203776,2.3635512707376205,-1.4511743227569667,0.4464481868700548,-0.41115465402298934,3.120044977431786,1.7222820952976163,-0.7464036723533665,0.5030672852238073,1.764161309461245,1.4501654235631127
175,-0.6590780666668296,0.6815169644938119,0.14586491599102686,-0.17703811143746062,0.1571123573900945,-1.6400701480123336,0.6244530498174439,0.7804792562931703,1.1814745453549345,-0.6986321271920131,-1.3013159763742828,0.5012931592915406,-0.18995188363553087,0.6938499989301625,-2.260928078269257,-0.682933343437473,0.25985976997791893,-0.4998674596596526,-0.8555788184139858,-0.5612793033062097
176,-0.5963031447267403,1.268032497587688,-3.43674206470768,-3.9586951275998628,-2.347629261197181,-2.8114209766529767,2.307299042172482,2.3441286324668074,3.2523802992556927,-3.833191392040192,0.335183014459867,-1.3985500039636034,-0.4020149209109599,2.340969190488259,-3.418738149107241,1.4325007466444477,-1.0020866404023399,-1.3510539540062918,0.5747604607898557,0.8249169304177135
177,0.6104594404741105,-0.3330775134799906,-0.9131019873856451,-0.6283916893817293,-0.8363305353107664,0.7659423415447832,0.2264444723478276,-0.33355291357267886,-0.5633665921312248,-0.12253485190134052,1.3639935951797548,-0.6741169918456441,0.25251517516802946,-0.4446564691333388,1.2743471562652273,0.8894457608533494,-0.3067227699853937,-0.010929693663196516,0.5493846263557116,0.7995249240612035
178,-1.1207172732896615,1.0002402047295242,-1.5551660560974276,-2.0386708296298583,-0.6795235589810997,-3.0946422733832515,2.027503085238076,1.8006936710538928,2.9234179090489594,-2.810318844040389,-1.4935962574854245,-0.29495085642885355,-0.3139987213340523,1.9690180440619183,-4.642265123748572,-0.10760128318376483,-0.03210758978354422,-1.2511161308854801,-0.7635931851643851,-0.4660623910344424
179,-0.6973258686691377,0.41177659199669664,-0.46920211769240644,-0.4688749056036597,-0.31923500613372663,-1.1389806290479718,1.1272094141408027,0.8590473642345143,1.2284168378142057,-1.063007210789752,-0.9499329602317708,0.021426259166307318,-0.20180195771220566,0.9623565044707144,-2.222146956952632,-0.2594302696538794,0.09321458817491622,-0.5015745061759934,-0.23898405257137004,-0.16574783915113853
180,-0.9138209103888625,0.5359226890173161,0.7728708488937199,0.5343129271486105,0.8338131853480923,-1.153237251388098,0.027657469831111142,0.6285785505219035,0.7936055768934793,-0.0007448338069820102,-1.379304140603782,0.835966291368995,-0.15108745184132716,0.193579285279868,-1.8251367635635367,-0.9521431284480196,0.3697286546028803,-0.08959687769070326,-0.9958470934436047,-0.9401537977872225
181,1.2325952426818514,-0.9420474164697115,-0.5005138042954002,0.03248756976011613,-0.7664177790038401,1.9353957719350805,-0.23254617718292875,-1.1601930177536968,-1.6608285606078221,0.6752746418094749,1.876744827380694,-1.016219117702258,0.17672006445425392,-0.8764340785492107,2.800419878661724,1.2258376407779654,-0.5249123024482069,0.4576056532436825,1.2905191074499878,1.0860342459932724
182,2.5263509800924546,-2.445741306445389,-1.38010916314513,0.2958846173933574,-1.8054227724444427,3.52744601899983,0.7361644674698328,-1.5804925119498967,-2.4590673719063,0.48357897880127076,3.209391502249293,-2.571013695632344,0.5323671564291375,-0.833900515940861,4.737177807248234,2.4782566724899273,-1.170779898889059,0.9539846278307013,2.476366632960837,2.1870844593454604
183,0.4658534665674291,-0.6022652400675607,0.1558620674807453,0.5771577541214759,-0.10449004018485626,0.9652952835136612,-0.5891615311093621,-0.6337659778743899,-1.070072949871881,0.7352438656751742,0.7254868264171597,-0.3093639962589143,0.21032293539145538,-0.641275621478939,1.6847646985133857,0.38116473609215185,-0.1488715566275548,0.5208876785390997,0.4648824207396271,0.24260207844977505
184,-0.4898106768284947,0.5187765944585611,-0.2973398508988937,-0.809752288633339,-0.23553694612310527,-1.0479948438601852,0.4403586890876562,0.8369616884455451,1.2543496547816382,-0.9085973153079739,-0.4725890966758247,-0.03740695389875502,-0.09346072585500959,0.7119951651765493,-1.5625995874737462,-0.23042489185379156,-0.18984797218156463,-0.38346678568156267,-0.570048687570563,-0.22974731484568933
185,0.8347756458307399,-0.8730343016648991,1.480112468141164,1.789489218029323,0.6440232533432385,2.097967026553349,-1.2415150942112114,-1.6345708186896901,-2.178283765956201,1.9050169214476693,0.4270179579039528,0.24939452511718704,0.25975934594904326,-1.62149299373327,2.915780930406597,-0.02613010503954931,0.2770522923625739,0.8246936595178915,0.43731719203780967,0.12202547162233353
186,-0.02073237496939393,0.015033102424275163,-0.8586650136431168,-0.7023896980941139,-0.6747962137510934,-0.39005810137060853,0.7889774159898596,0.5573831333062491,0.6690407760363524,-0.9742098181516101,-0.10854275761199784,-0.5766620732732248,-0.15503536663078307,0.6977141373537543,-0.8344247026493132,0.4904053545099593,-0.524258038178769,-0.1140826673617375,0.19167051210132022,0.22151935085569419
187,0.49451466779027087,-0.36849152770026605,-0.21409342614695098,0.12757074183258083,-0.3143330846165798,0.8131925627996984,-0.28018374623167464,-0.6055978959001808,-0.7144957639003101,0.41261385836538567,0.8442612982876743,-0.26099309149211347,0.16719613297599675,-0.4535266097611136,1.4534856292477696,0.3366532068374418,-0.25403407998959737,0.16994258797723089,0.6350528363107454,0.5013488195809591
188,1.22851895065579,-1.6690730826754823,2.717465939517043,3.649580585028324,1.6942678264374116,3.7303750362563792,-1.9588369665577705,-2.683857029379616,-3.593282546424276,3.719018901173186,0.2860671977618396,0.6045320614891607,0.41014910515289815,-2.7366162596135304,4.3991649301636855,-0.5397369572072278,0.6825870081058193,1.3511949837707322,0.2760558582844818,-0.4246777816728732
189,1.376693477793458,-2.0120948036609327,0.8151342903790755,2.006296867980164,0.11665158388458444,2.3774924004542433,0.4471688436724314,-1.526598695101446,-2.045884374616582,1.197087874085416,0.26862861989492404,-1.1235349382093893,0.5072638433360556,-0.8525415756948537,2.0814057180981704,0.6058535102778507,0.04152346576744506,0.8364289330375376,0.7788315981744048,0.6948856615169771
190,0.012091085991249279,0.30538931479244913,-2.91572498860702,-2.703102515528131,-2.381489338400406,-1.375107597149812,1.9926251995034776,1.4097178315430585,1.79486348268288,-2.6356187268612383,1.060609285238955,-1.789805891965989,0.02899820236766834,1.7212029451326503,-1.383616060375525,1.7519789753685395,-1.1509588504455017,-0.9455497716754875,0.793973118081714,1.304353431958779
191,-0.6842617791909769,0.7513134756021694,1.9764114141677789,1.3962762139040805,1.536071644429691,-0.613118825575139,-1.1009874901967969,-0.11123087443636129,0.01893512283354075,1.212419736169856,-1.5371207378777418,1.7395360316641304,-0.04186048997237901,-0.4680419828204874,-0.7201502960961054,-1.6068997573165056,0.7848050037623451,0.16119426761214894,-1.4151613805592755,-1.2025973634797784
192,-0.5301901742984838,-0.2728361543003228,0.776328780569806,1.092587755385379,0.8075366326726654,-0.7044798890128283,0.911773585278868,0.1763260611454635,0.6076898499399324,-0.09101569463226243,-1.7637319499751987,0.17939473534028763,-0.07999622141505705,0.47763255810211774,-2.0918716593431945,-0.7102911304247694,0.29899982360565486,-0.004176071521641525,-1.0518960224022895,-0.7491193043881466
193,-0.18383252624755447,-0.6280217706227782,0.9937709229706044,1.427495696298817,0.885554245873079,0.32434299670405414,0.22653602074827284,-0.30881999516191233,-0.25925090663141126,0.6457408539119794,-1.2940867190338587,0.4669864110172545,0.013486821172259945,-0.22896309180960195,-0.6706415190467293,-0.8437494581741484,0.3606449671887884,0.24645174032725337,-0.5070417044988851,-0.5933414965287258
194,0.684384061081863,-0.9901677039722595,1.4480514475697905,2.1561221176430796,0.9348642541784429,2.179847064257464,-1.0008011004133262,-1.3682302661133816,-2.0092306831577917,1.8204112708190543,0.2679291571492593,0.248024566099703,0.36054058848437437,-1.3699232864658795,2.4522913448248285,-0.25697786784755666,0.31281628847115006,0.8166579962796167,0.24982890880783218,0.08165507528680985
195,-0.71417910382659,0.3140336503570348,2.922819818003732,2.576403503523789,2.460279320970891,0.5396256591932854,-1.9460350386986065,-0.9666829535733059,-1.0169662532830432,2.439629771956628,-1.685199016979868,2.17362216386927,0.03938870501067899,-1.4306421545952055,0.25438321556802374,-2.2007265425337303,1.090670097788812,0.5942804198397854,-1.4996486709136383,-1.5624763946506686
196,0.35582178331595105,-0.4706225424888246,-0.3483738042512407,0.24309495528842479,-0.21553092818542668,0.5960493277639489,0.6243146976406845,-0.3879698869968487,-0.2724102385879169,-0.04714676931521572,0.2549921455902457,-0.6567657926685647,0.2396382017016591,-0.032084634365200176,0.3737118592525112,0.4559622768898532,-0.3197891452368231,0.3460974771681108,0.3846232502390964,0.5202162088636916
197,1.0507230376533971,-1.0824410453905586,-0.24894856326292128,0.491444684988572,-0.49739448846854495,1.936364601441028,-0.07064374464221669,-0.8777565410983703,-1.554829348245555,0.582168107314388,1.377784004403816,-0.7960590186539498,0.36435878273609545,-0.9482613989698345,2.58668499399981,0.9739711248708175,-0.35954244986199463,0.6937523023205523,1.1070012342141424,0.9800694426470933
198,-0.6327578179854593,0.7810990295997239,0.2716807958244309,-0.2300121063467539,0.13476910244072643,-1.0869498051383621,-0.12928051898671622,0.6036711750595338,0.9188581730625711,-0.43756903948617315,-0.668787308682287,0.3393103579624148,-0.05288774939449925,0.2898391954752078,-1.2817852684769877,-0.5643224179713618,0.2998483163133201,-0.6109577058408079,-0.5889191482603642,-0.499345229693495
199,1.000059224249331,-1.0185200759166804,0.25161135806841395,1.1531283954916705,-0.009686299593905885,2.244559826145148,-0.42116287730100493,-1.3232532614814327,-1.7404740003265735,1.222326762107098,0.942550220035176,-0.6404655981740075,0.3919821335778712,-0.8936088920174485,2.6404591424444637,0.34585264899569507,-0.08682634380581847,0.6098459254161787,0.6813815169220546,0.3531547238744375
200,-0.47413176804274376,0.9157061051282093,-1.3949956281212639,-1.6600306621952685,-0.784171657814985,-1.55961157876779,0.6783807635843744,1.24420247238582,1.5469942384692978,-1.7263614716661229,-0.07463816068215748,-0.20566500774391605,-0.24763600536270933,1.1942262309860432,-1.8594806061752327,0.5346294918018288,-0.3569877008503529,-0.8258215963153466,-0.08736596575810074,0.03498584867660122
